original_index,original_guide,related_index_1,related_index_2,related_index_3,related_index_4,related_index_5
1,a bank transfer for rent or mortgage is still processing on the payment deadline day,914,730,456,,
2,a bank will not speak with you after a death and a bill is due today,537,174,,,
3,a basement or retaining wall is bulging and you fear it may fail,113,563,,,
4,a bathroom extractor fan or vent is dripping water and you suspect a leak or condensation,967,675,,,
5,a benefits payment is suspended for review and you have essential bills due,645,638,456,,
6,a bill you thought was covered is sent to collections with a short deadline,155,27,,,
7,a body donation is declined and you need an alternative funeral plan quickly,281,335,,,
8,a brake system warning light stays on after you park,741,144,,,
9,a buy-now-pay-later payment is about to retry and you cannot afford it,32,719,,,
10,a car door opens from outside but will not open from inside while parked,758,760,,,
11,a car hire company refuses your driving licence and you have no backup plan,530,915,,,
12,a car-share app will not let you end your trip and charges keep running,13,118,,,
13,a car-share vehicle will not unlock even though your booking is active,12,919,,,
14,a carbon monoxide alarm sounds and you feel sick or have a headache,60,763,,,
15,a caregiver has died and a child or dependent adult needs immediate care,278,29,545,,
16,a cash deposit is credited for less than the amount you handed over,727,726,,,
17,a cash withdrawal fails but your account is still charged,383,153,,,
18,a charging-system or battery warning light appears and you have pulled over safely,753,740,,,
19,a chemical has splashed in your eye and it still burns after rinsing,512,499,,,
20,a cheque you deposited is flagged as counterfeit and the bank reverses the funds,21,727,,,
21,a cheque you deposited is returned unpaid and your balance drops,727,20,,,
22,"a chimney pot, cap, or top section looks shifted or loose after high winds",668,451,,,
23,a client disputes your work and stops payment while deadlines are still approaching,26,347,,,
24,a client or customer is being verbally abusive and you are expected to keep engaging,35,338,,,
25,a client or customer sends sexual messages and you feel unsafe or worried about your work,117,178,,,
26,a client stops responding after you submit an invoice that is now overdue,23,338,,,
27,a closed account is sent to collections and you believe it is a billing error,585,6,,,
28,a cloud drive app starts re-downloading everything and you fear data duplication or overwrite,905,778,,,
29,a co-parent has died and you need to manage an immediate child handover,278,146,545,,
30,a colleague is pressuring you to meet alone in a hotel room,336,82,,,
31,a colleague sends you aggressive or intimidating messages outside of working hours,304,178,,,
32,a company warns it will retry a failed payment within 24 hours and you cannot cover it,9,719,,,
33,a coworker repeatedly asks intrusive questions about your sex life,178,336,,,
34,a creditor demands an urgent payment to keep your plan active,97,40,,,
35,a customer or client is threatening you online because of your job,24,304,,,
36,a dashboard warning says a tyre is overheating and you are stopped in a safe place,420,136,,,
37,a date refuses to leave your home or pressures you to let them inside,793,233,,,
38,a date repeatedly ignores your no and keeps pressuring you for sex by text,156,659,,,
39,a death is being investigated and you have no clear timeline,360,243,,,
40,a debt collector threatens legal action or gives you a short deadline,582,581,,,
41,a document says it is locked for editing but you cannot find where it is open,777,524,,,
42,a driver or passenger is asking intrusive questions and you feel unsafe,319,43,,,
43,a driver refuses your seating request and you feel unsafe in the vehicle,319,42,,,
44,a fake account is impersonating you and messaging people about your location or plans,212,928,,,
45,a family member dies at work or in public and investigators want a statement from you,198,39,,,
46,"a fence, retaining wall, or garden wall starts leaning suddenly and may collapse",3,113,,,
47,a ferry or crossing is delayed for hours and you are running low on supplies,132,78,,,
48,"a finger or toe suddenly becomes cold, pale or blue and painful",431,405,,,
49,a flexible supply line under a sink starts spraying or dripping rapidly,866,858,,,
50,a floor area suddenly feels soft or springy and you worry it could give way,172,452,,,
51,a floor drain cover is lifting or rattling during heavy rain,202,133,,,
52,a former employer is contacting your new workplace without warning,593,824,,,
53,a free trial turns into an unexpected subscription charge,305,168,,,
54,a freelance platform suspends your account while you have active work in progress,338,524,,,
55,a friend seems suddenly disoriented or drugged at a social event and you fear they are unsafe,697,218,,,
56,a friend tells you they were sexually assaulted and you do not know what to do first,307,308,,,
57,a funeral home says paperwork is missing and a service cannot proceed today,445,428,,,
58,a funeral provider says a body must be moved today due to capacity limits,350,625,,,
59,a garage ceiling or roof structure is sagging and you are unsure if it is safe,546,569,,,
60,a gas appliance keeps going out and you suspect a leak or unsafe ventilation,14,839,,,
61,a government agency contacts you demanding information and you are unsure what to provide,312,654,,,
62,a group leader or organiser sends you unwanted sexual messages,206,135,,,
63,a hospice provider cannot start support because of missing or incomplete paperwork,315,67,,,
64,a hospital asks for an advance directive or living will and you cannot find it,287,380,,,
65,a hospital asks you to come in urgently to discuss end-of-life decisions for a relative,287,282,175,,
66,a hospital asks you to identify a deceased relative,267,292,,,
67,a hospital is discharging a dying relative and you have no care plan at home,315,63,,,
68,a job or work opportunity communication turns sexual or inappropriate,160,291,,,
69,a joint account holder changes your account settings without your knowledge,803,716,,,
70,a key snaps in the lock and you cannot lock or unlock the door,324,141,,,
71,a lab or clinic travel certificate has the wrong name or date of birth,422,774,,,
72,a landlord demands immediate access to a home after a tenant dies,277,691,,,
73,a landlord or contractor demands immediate payment for late fees you cannot verify,74,634,,,
74,a landlord or supplier sends unexpected new bank details for a payment,134,721,,,
75,a lawyer or claims company contacts you after a death and you are unsure whether to respond,182,299,,,
76,a leak from the unit above is damaging your home and the responsible party is not responding,184,671,,,
77,a lender or subscription service pulls more money than you authorised from your account,803,98,,,
78,a long-distance bus or coach breaks down and you are left waiting without clear instructions,940,132,,,
79,a loved one has died in another city and you need to travel urgently,517,842,,,
80,a loved one is missing and you have no contact or confirmation,314,382,,,
81,a manager asks you for detailed medical information,867,353,,,
82,a manager or supervisor makes you feel uncomfortable or unsafe during one-to-one meetings,30,336,,,
83,a medical provider threatens to pause your care unless you pay an unexpected balance,854,823,,,
84,a memorial or funeral service venue withdraws permission at the last minute,358,334,,,
85,a memory card is unreadable on multiple devices and you need the photos,249,834,,,
86,a merchant threatens to send a charge to collections unless you pay immediately,6,40,,,
87,a messaging app fails to restore your chat backup and your messages are missing,894,784,,,
88,a money transfer recipient cannot collect because of a name mismatch,721,142,,,
89,a neighbour is threatening you or repeatedly knocking on your door,510,666,,,
90,a neighbour repeatedly makes unwanted sexual comments and you feel unsafe or worried they may escalate,219,89,,,
91,a new crack appears in a wall or ceiling and seems to be widening,3,158,,,
92,a partner insists on recording sex and becomes angry when you refuse,224,425,,,
93,a partner keeps waking you up for sex and you feel unsafe,215,233,,,
94,a partner pressures you to drink or take substances against your will,697,692,,,
95,a partner pressures you to share your phone passcode and becomes hostile when you refuse,228,701,,,
96,a password manager shows unexpected vault changes or missing entries,888,711,,,
97,a payment arrangement has been cancelled and the full balance is due,34,617,,,
98,a pending transaction disappears and then reappears for a higher amount,77,552,,,
99,a person claims to be a tow operator for your vehicle but you did not request service,662,614,,,
100,a person dies while separated from their partner and family members are fighting over arrangements,210,418,176,,
101,a person you care about is transferred to another detention facility with little notice,607,229,,,
102,a power line has fallen onto your property and you are inside,966,506,,,
103,a professional appointment feels sexualised or unsafe and you want to leave,438,135,,,
104,a radiator or heating pipe starts leaking water onto the floor,738,866,,,
105,a recruiter asks you to start work before you have a signed contract,875,291,,,
106,a reduced power or drivetrain warning appears and you have pulled over safely,907,953,,,
107,a regulator or official asks you to provide passwords or passcodes during an inquiry,193,192,,,
108,a relative in hospice is near death or may have died,349,65,,,
109,a rental car company offers a different vehicle type and you do not feel safe driving it,110,391,,,
110,a rental vehicle shows a dashboard warning you do not understand before you leave the lot,109,391,,,
111,a restaurant tip adjustment posts days later and pushes your account into overdraft,719,98,,,
112,a retailer contacts you about a high-value order you did not place,643,667,,,
113,a retaining wall develops a fresh horizontal crack and starts seeping water,3,563,,,
114,a rideshare driver or car does not match your app details,319,115,,,
115,a rideshare or taxi driver makes sexual comments and you feel trapped or unsafe,319,114,,,
116,a service says your account is under review and you fear losing access to stored data,776,322,,,
117,a service worker or contractor makes sexual comments and you still need access to your home,859,103,,,
118,a shared bike or scooter won’t unlock even though the app shows your trip has started,13,12,,,
119,a shared folder suddenly appears on your computer and starts syncing unknown files,778,690,,,
120,a sink or bathtub backs up and dirty water starts rising,181,137,,,
121,a skylight or roof window frame is visibly loose and bad weather is forecast,451,141,,,
122,a smoke alarm goes off but you cannot find any smoke or heat,749,151,,,
123,a spouse with dementia keeps asking for their partner who has died,15,935,,,
124,a staffing agency changes your assignment end date with little explanation,338,345,,,
125,"a stair tread, landing, or handrail suddenly feels loose and unsafe to use",50,908,,,
126,a station or stop closes suddenly and you need an accessible route to continue your journey,239,240,359,,
127,a stranger claims you damaged their car and insists you move to a quieter location,204,221,,,
128,a stranger in a public venue asks you to go to a private area and you feel uneasy,230,211,,,
129,a stranger insists on helping with your luggage and will not take no for an answer,693,216,,,
130,a stranger is pressuring you to scan a QR code or click a link in public,574,729,,,
131,a stranger pressures you to reveal your phone number in person,216,231,,,
132,a strike or travel disruption is announced while you are en route and you may be stranded,379,940,,,
133,a sump pump alarm sounds and water is rising in your basement,450,237,,,
134,a supplier asks you to change payment details to wire or crypto,74,721,,,
135,"a therapist, counsellor, or support worker sends you sexual or inappropriate messages",438,103,,,
136,a tire pressure warning light comes on and you have pulled over to check it,947,420,,,
137,a toilet keeps refilling or overflowing and you cannot stop it,120,181,,,
138,a USB drive suddenly appears empty or asks to be formatted,249,834,,,
139,a vehicle or storage unit linked to someone who died is at risk of being towed or cleared,277,691,,,
140,a wasp or hornet nest is forming near a door or window you need to use,441,454,,,
141,a window will not close and cold air or rain is coming in,246,121,,,
142,a wire transfer you sent is marked pending and you need to stop it,552,1,,,
143,airport Wi-Fi requires a local phone number and you cannot access your travel documents,897,323,,,
144,an ABS or traction-control warning light appears while you are driving in poor weather,8,741,,,
145,an accommodation asks to keep your passport overnight and you feel uncomfortable,944,296,,,
146,an after-school program will not release your child after a parent has died,278,545,,,
147,an airbag or SRS warning light comes on before you drive,806,110,,,
148,an airline or border app requires a face scan and your phone camera is not working,183,897,,,
149,"an app has camera, microphone, or location permissions you do not remember approving",923,799,,,
150,an app update signs you out and your downloaded content or offline data is missing,388,87,,,
151,an appliance makes a loud popping sound and smells like it is burning,157,562,,,
152,"an aquarium, waterbed, or large container is leaking and causing water damage",957,245,,,
153,an ATM keeps your card and you are left without payment options,17,383,,,
154,an authority demands you hand over property and you disagree with the request,613,614,,,
155,an automatic bill payment fails and you receive an urgent late notice,653,1,,,
156,an ex keeps sending unwanted sexual messages from new accounts after you have blocked them,38,659,,,
157,"an extension cord or power strip is hot, soft, melting, or discoloured",151,506,,,
158,an exterior wall shows a new bulge or bowing section,3,91,,,
159,an insurance payment was applied to the wrong policy and your coverage is at risk,854,823,,,
160,an interviewer or recruiter asks sexual or inappropriate personal questions,68,30,,,
161,an investigator calls and asks you to clear something up by phone immediately,190,164,,,
162,an investigator shows up at your workplace asking questions about you,313,316,,,
163,an officer asks for your name and address and you are unsure what to say,187,357,,,
164,an official investigator contacts you and demands you keep it secret,161,370,,,
165,an oil pressure warning light appears while you are driving,665,676,,,
166,an operating system update locks you out of your device,801,797,,,
167,an unexpected mobile bill or roaming charge triggers an automatic payment you cannot afford,719,723,,,
168,an unexpected subscription renewal has overdrawn your bank account,305,719,,,
169,an unfamiliar animal bites you and the skin is broken,440,454,,,
170,an unfamiliar authorized user appears on your credit account,426,790,,,
171,an unknown browser extension appears and you cannot remove it,745,744,,,
172,an upstairs floor is bowing or sagging and you suspect water damage,50,184,,,
173,customs or border officials have held an item you need for your trip,260,466,,,
174,essential services are in the name of a person who died and shutoff notices may be coming,2,638,,,
175,family members are giving doctors conflicting instructions during an end-of-life situation,380,287,,,
176,family members disagree about where ashes should go and decisions are being pushed quickly,100,418,,,
177,family members disagree on the wording for a headstone or grave marker,176,272,,,
178,HR is ignoring your reports of repeated unwanted behaviour at work and the situation is escalating,973,336,,,
179,interior doors suddenly start sticking and you suspect structural movement or swelling,91,172,,,
180,mail or funds you sent to someone in custody were rejected,598,607,,,
181,multiple drains are gurgling and your home smells like sewage,202,120,,,
182,officials contact you about a deceased person’s legal case and request urgent information,661,299,,,
183,online check-in is blocked and you need manual document verification,148,887,,,
184,part of your ceiling starts sagging after a leak,76,186,,,
185,people are arriving at your home after a death and you need privacy and boundaries,328,538,,,
186,plaster or drywall begins crumbling or falling from your ceiling,184,546,,,
187,police arrive at your home and you are unsure why,200,163,,,
188,"police ask for access to your vehicle data, dashcam, or connected car app",624,189,,,
189,police ask to search your car and you want to know your options,188,613,,,
190,"police ask you to come in for an interview, photograph, or recording",161,196,,,
191,police ask you to come to the station to collect property and you are unsure why,194,284,,,
192,police ask you to consent to access your cloud backups or online accounts,193,586,,,
193,police ask you to hand over passwords or account logins,192,107,,,
194,police ask you to identify property and you feel uneasy or suspicious,191,284,,,
195,police ask you to meet them to sign paperwork but will not explain what it is,190,604,,,
196,police ask you to provide an alibi for someone and you feel pressured to answer quickly,190,199,,,
197,police ask you to provide bank statements or transaction records on short notice,586,624,,,
198,police contact you about a death and you are not sure what to say,45,39,,,
199,police contact you about someone else and ask for their location,314,196,,,
200,police say they have a warrant and are asking you to open the door,187,613,,,
201,relatives are staying with you after a death and family tensions are rising,203,185,,,
202,sewage starts coming up through a floor drain but has not reached living areas yet,181,51,,,
203,siblings are arguing or reacting differently after a death and you need to manage the tension,201,176,,,
204,someone approaches your car at a fuel pump and tries to distract you,127,669,,,
205,someone asks you to send a photo of your ID during a sexual conversation,209,688,,,
206,someone at your gym or class keeps sexualising you and will not stop after you disengage,62,219,,,
207,someone calls claiming your bank will send a courier to collect your card,674,729,,,
208,someone claiming to represent the person who harmed you pressures you to respond,341,308,,,
209,someone claims they are underage after sending explicit images and now demands money or favours,339,636,,,
210,someone claims to be a partner after a death and demands access to information or plans,100,691,,,
211,someone follows you to an elevator and you feel unsafe getting in with them,699,231,,,
212,someone has reposted your photos with your location without your consent,44,571,,,
213,someone in a group chat is making unwanted sexual comments and others are joining in,514,62,,,
214,someone in custody is being released soon and they have nowhere to stay,229,598,,,
215,someone insists you consented to sex but you remember saying no,307,308,,,
216,someone is pressuring you to reveal where you live or where you are staying,225,131,,,
217,someone is trying multiple doors in your hotel or apartment corridor,666,509,,,
218,someone is trying to isolate you or make you feel unsafe during a night out,55,697,,,
219,someone keeps appearing where you go and making unwanted sexual comments,699,659,,,
220,someone keeps pressuring you for a ride home after you have said no,221,232,,,
221,someone keeps pressuring you to get into their car to talk privately,220,234,,,
222,someone may have swallowed a button battery and they seem fine so far,772,704,,,
223,someone near you is acting aggressively or erratically and you feel unsafe,439,233,,,
224,someone pressures you to sign a consent or release form for intimate filming you did not expect,92,425,,,
225,someone repeatedly asks for your home address after sexual chatting and you feel pressured to share it,216,205,,,
226,someone threatens to make false sexual allegations against you to force your compliance,227,636,,,
227,someone threatens to spread false claims about consent unless you stay silent,226,215,,,
228,someone tries to take your phone or pressures you to hand it over,95,701,,,
229,someone you care about is taken into custody and you need to arrange support or collect belongings,214,101,,,
230,someone you do not trust pressures you to meet privately,128,597,,,
231,someone you just met follows you and will not take no for an answer,699,211,,,
232,someone you just met is pressuring you for your address or a ride home,220,216,,,
233,someone you know becomes aggressive during a conversation and you feel unsafe,37,223,,,
234,someone you know is pressuring you to go somewhere private in public,128,221,,,
235,someone you met online pressures you to meet in private and refuses public places,230,597,,,
236,someone you rely on for care makes sexual comments and you fear retaliation,135,438,,,
237,stormwater is pooling against your foundation and rising toward entry points,133,450,,,
238,the clutch pedal feels abnormal or stuck before you start driving,868,761,,,
239,the only elevator or lift at a station is out of service and you are stuck,126,359,,,
240,the only entrance to a station or terminal closes suddenly and you need an alternative route inside,126,379,,,
241,the person listed as a medical contact cannot be reached during urgent treatment decisions,380,287,,,
242,the toilet base is wet and you suspect it is leaking into the floor,452,958,,,
243,there is no confirmed cause of death yet and people are asking for details,39,518,,,
244,water is bubbling up from the ground in your garden or driveway,247,958,,,
245,water is leaking from your shower or bathtub and spreading quickly,926,866,,,
246,water is leaking in around a window or door during a storm,141,451,,,
247,water is running from an outside pipe and will not stop,866,958,,,
248,water starts leaking from your refrigerator or freezer and you cannot find the source,843,858,,,
249,you accidentally format a memory card containing irreplaceable photos,85,251,,,
250,you accidentally pay a bill twice and it leaves you short for essentials,719,77,,,
251,you accidentally permanently delete an important folder and need to recover it today,913,570,,,
252,you accidentally put the wrong fuel in your vehicle and have not started the engine,663,755,,,
253,you accidentally take someone else’s prescription medication,576,577,,,
254,you accidentally triggered a panic alarm or emergency SOS alert,628,639,,,
255,you are a friend of someone who has died with no known family and you are being pressured to take responsibility,299,428,,,
256,you are abroad and cannot get a police report for a stolen document,886,540,,,
257,you are accused of time fraud or timesheet discrepancies at work,589,346,,,
258,you are asked about organ or tissue donation and feel unprepared to decide,65,282,,,
259,you are asked for a certified translation of a travel document and you do not have one,279,384,,,
260,you are asked for a customs reference number and cannot find the confirmation,173,466,,,
261,you are asked for a local address for entry and you do not have one you can document,269,263,,,
262,you are asked for biometric information at a border or for travel and feel unprepared,148,337,,,
263,you are asked for local registration proof and you do not have it,366,261,,,
264,you are asked for multiple certified copies of a death certificate and do not know why,445,299,,,
265,you are asked for parental consent paperwork to travel with a child and you do not have it,774,708,,,
266,you are asked for passport details to reissue a ticket and your passport is not accessible,578,575,,,
267,you are asked for photos or dental information to help identify a deceased person,66,292,,,
268,you are asked for proof of a name change for travel and cannot access the document,422,384,,,
269,you are asked for proof of accommodation for your full stay and have gaps in your bookings,261,707,,,
270,you are asked for proof of funds or payment means at the border and cannot access them,722,384,,,
271,you are asked for proof of travel insurance and cannot find your policy documents,897,323,,,
272,you are asked to approve a public death notice or obituary and you fear it will cause conflict,301,302,,,
273,you are asked to approve time records for others when you cannot verify them,257,275,,,
274,you are asked to authorise a cremation but are unsure if you have the legal right,303,335,,,
275,you are asked to be a witness in an internal workplace investigation,313,356,,,
276,you are asked to choose personal items for a burial or cremation and feel overwhelmed,293,335,,,
277,you are asked to clear a home after someone dies and are worried about losing evidence,691,447,,,
278,you are asked to collect a child after a parent has died and the other caregiver is unreachable,146,29,,,
279,you are asked to complete an official form or declaration in a language you cannot read,259,654,,,
280,you are asked to consent to an autopsy and feel overwhelmed,39,243,,,
281,you are asked to decide about donating a loved one’s body to medical science with little time,7,335,,,
282,you are asked to decide about moving a relative to comfort-focused care and you feel unprepared,65,287,,,
283,you are asked to declare cash or valuables at customs and are unsure what to report,173,864,,,
284,you are asked to identify personal items for return but are unsure what belongs to whom,194,191,,,
285,you are asked to identify someone in a photo lineup or video and you are not confident,190,196,,,
286,you are asked to leave a crowded bus or train because it is at capacity,940,379,,,
287,you are asked to make medical decisions for a relative who cannot communicate their wishes,380,64,,,
288,you are asked to notify a school community about a death and fear backlash or blame,539,272,,,
289,you are asked to pay a funeral home deposit immediately and you are unsure what is normal,351,334,,,
290,you are asked to pay for a work purchase with your own money,652,970,,,
291,you are asked to pay for training or equipment before starting a new job,105,875,,,
292,you are asked to provide a DNA sample to help identify a person who died,267,66,,,
293,you are asked to provide a photo and life summary for a funeral or memorial on a tight deadline,301,300,,,
294,"you are asked to provide fingerprints, a DNA sample, or other identification for a case",285,190,,,
295,you are asked to return medical equipment or medications after a death,63,687,,,
296,you are asked to send passport or ID scans over an insecure channel urgently,688,629,,,
297,you are asked to share your work login details or approve an unexpected multi-factor prompt,555,468,,,
298,you are asked to show proof of an airport departure fee or tax and cannot find a receipt,260,466,,,
299,you are asked to sign paperwork after a death and you do not understand it,75,661,,,
300,you are asked to speak at a funeral or memorial service but feel unable to do it,293,301,,,
301,you are asked to write an obituary or public notice and you are not ready,272,293,,,
302,you are being pressured for funeral details before you are ready to share them,185,328,,,
303,you are being pressured to authorize a cremation or burial by a fixed date,274,335,,,
304,you are being targeted or bullied in a hostile work group chat,31,178,,,
305,you are billed for a subscription you cancelled and the company will not reverse the charge,53,168,,,
306,you are charged for an old negative balance you believed was settled,27,585,,,
307,you are considering a medical or forensic exam after a suspected sexual assault and feel overwhelmed,308,215,,,
308,you are considering reporting a sexual assault and feel overwhelmed or unsure what to do first,307,208,,,
309,you are contacted about workplace benefits after someone has died and a deadline is approaching,355,539,,,
310,you are contacted by a child protection or welfare agency asking to speak with you urgently,365,618,,,
311,you are contacted by a detention facility claiming someone listed you as their emergency contact,647,229,,,
312,you are contacted by a regulator about possible violations and are unsure how to respond,61,313,,,
313,you are contacted by an external investigator or lawyer about your workplace and are unsure what to share,275,586,,,
314,you are contacted by police about a missing person and asked to meet urgently,80,199,,,
315,you are coordinating a hospital to hospice transfer and information is missing,63,67,,,
316,you are copied into an internal email about you that suggests misconduct or dismissal,346,589,,,
317,you are coughing or having trouble breathing after inhaling strong cleaning fumes indoors,416,401,,,
318,you are facing conflict over an ex-partner attending a funeral or memorial service,429,538,,,
319,you are in a rideshare or taxi and the route changes in a way that worries you,114,115,,,
320,you are instructed to do work that requires a certification or license you do not have,912,830,,,
321,you are locked out of a storage unit or safe deposit box due to unpaid fees,442,587,,,
322,you are locked out of an account because you cannot complete a verification step,388,525,,,
323,you are locked out of your email or cloud storage while traveling,897,388,,,
324,you are locked out of your home in urgent weather or at night,70,141,,,
325,you are locked out of your payroll or HR system before a deadline,527,890,,,
326,you are on blood thinners and develop a new headache or unexplained bruising,481,561,,,
327,you are ordered to surrender firearms or other regulated items,154,583,,,
328,you are overwhelmed by a flood of messages about a death in your family,185,302,,,
329,you are placed on a performance improvement plan unexpectedly,589,424,,,
330,you are placed on paid leave during your notice period with no clear explanation,356,821,,,
331,you are pregnant and notice a sudden severe headache or vision changes,464,478,,,
332,you are presented with a new non-compete or restrictive covenant after you resign,592,593,,,
333,you are pressured to accept a plea offer or case resolution with a short deadline,472,583,,,
334,you are pressured to book a funeral date and key relatives cannot attend,358,84,,,
335,you are pressured to choose between burial and cremation and feel unsure,303,274,,,
336,you are pressured to meet privately after reporting sexual harassment and you feel unsafe,178,353,,,
337,you are refused entry at a border and are waiting in a controlled area,708,384,,,
338,you are removed from a client account and the client asks what happened,54,524,,,
339,you are sent explicit content that appears to involve someone who may be underage and you feel panicked,209,449,,,
340,you are served papers naming you as a witness and you are worried about retaliation,627,475,,,
341,you are served with a no-contact order or official communication restriction,601,342,,,
342,you are served with a restraining or protective order and need to understand immediate restrictions,341,601,,,
343,you are stopped at an airport or border because your appearance has changed since your passport photo was taken,887,884,,,
344,you are stopped for a document check abroad and do not have your passport with you,521,575,,,
345,you are suddenly moved to a different team or manager after a conflict at work,424,316,,,
346,you are suspended from work pending an investigation,589,356,,,
347,you are threatened with legal action over a mistake made at work,592,313,,,
348,you are told a critically ill relative must be transferred to another hospital quickly,315,241,,,
349,you are told a loved one is likely to die within days and need to alert family,541,543,,,
350,you are told a loved one’s remains are being transferred and you are unsure who is coordinating it,625,656,,,
351,you are told a prepaid funeral plan exists but cannot find the provider details,289,57,,,
352,you are told a relative died in custody and you need to confirm the details,198,360,,,
353,you are told a work complaint must be handled informally and you are uncomfortable with that,336,178,,,
354,you are told at the gate your carry-on must be checked but it contains essentials you need to keep,769,924,,,
355,you are told life insurance paperwork is urgent but you cannot find the policy,309,264,,,
356,you are told not to contact certain colleagues while a workplace matter is being reviewed,346,275,,,
357,you are told the police have been trying to reach you but you have received nothing,639,187,,,
358,you are told there are no available funeral service slots and must decide whether to delay,334,84,,,
359,you are told there is no step-free boarding and you need an alternative plan,239,126,,,
360,you are told there will be an inquest or hearing and you do not know what to expect,39,243,,,
361,you are told to report to your probation or supervision office on short notice,385,651,,,
362,you are told to start working on-call immediately without prior agreement,820,971,,,
363,you are told to surrender your passport or travel documents due to a legal order,364,715,,,
364,you are told you cannot leave the area due to an investigation and have travel plans,363,715,,,
365,you are told you must attend an appointment with an official caseworker within 24 hours,310,654,,,
366,you are told you must register your address locally and the deadline is very soon,263,261,,,
367,you are told you must submit to an official drug or alcohol test by a deadline and logistics are unclear,361,651,,,
368,you are told you must switch from employee to contractor status immediately,820,371,,,
369,you are told your background check has failed after you have already started your job,875,316,,,
370,you are told your communications are being monitored as part of an investigation,819,591,,,
371,you are told your company is being sold and your employment terms may change,820,818,,,
372,you are told your home is unsafe to occupy and you must leave immediately,3,451,,,
373,you are told your vehicle is flagged and you must attend an appointment to resolve it,646,611,,,
374,you are trapped at a parking exit because the barrier or gate will not open,951,12,,,
375,you are travelling with a pet and cannot access the required vaccination or microchip paperwork,893,708,,,
376,you are travelling with two passports and are unsure which one your booking is linked to,813,573,,,
377,you are unsure about letting a young child attend a funeral viewing or visitation,542,378,,,
378,you are unsure about viewing the body of a loved one and family members disagree,377,100,,,
379,"you are unsure which platform, stop, or bay to use because service updates conflict",940,572,,,
380,you are unsure who has legal authority to make medical decisions for a critically ill relative,287,64,,,
381,you are waiting for a body to be released and need to plan next steps,350,57,,,
382,you are worried a friend is in danger and they have suddenly stopped responding,80,314,,,
383,you cannot access cash from an ATM or cash machine,17,153,,,
384,you cannot access your travel documents or proof of trip purpose at the border,337,323,,,
385,you cannot attend your first required reporting appointment with an authority,361,651,,,
386,you cannot check into your accommodation because you do not have your ID with you,707,944,,,
387,you cannot find the identity documents you need for an official process,654,648,,,
388,you cannot find your account recovery or backup codes when you need to sign in,525,523,,,
389,you cannot join a remote court hearing because the link or instructions do not work,610,644,,,
390,you cannot pass urine and feel increasing discomfort,948,488,,,
391,you collect a rental vehicle and notice damage that is not on the handover record,110,109,,,
392,you cough up blood or see blood in your mucus,402,416,,,
393,you develop a fever that rises quickly and you feel unusually weak,410,470,,,
394,you develop a new painful blistering rash in a band on one side of your body,395,553,,,
395,you develop a new rash that is spreading quickly,553,554,,,
396,you develop a new severe headache shortly after giving birth,486,478,,,
397,you develop a new severe headache with nausea after a recent infection,471,458,,,
398,you develop a rapidly enlarging neck swelling that makes swallowing uncomfortable,480,435,,,
399,you develop a rapidly spreading red area with severe pain that seems out of proportion,564,502,,,
400,you develop a sudden high fever after returning from travel,393,410,,,
401,you develop a worsening cough or wheeze after breathing in smoke from a fire,416,317,,,
402,you develop new chest pain that gets worse when you breathe in,493,416,,,
403,you develop new confusion or severe drowsiness after taking a new medicine,681,577,,,
404,"you develop new severe thirst, frequent urination, and unexpected weight loss",737,845,,,
405,you develop new weakness in both legs or worsening trouble walking over a few hours,411,559,,,
406,you develop new yellowing of your eyes or skin that comes on quickly,932,500,,,
407,you develop pelvic pain with fever and unusual discharge,496,494,,,
408,you develop severe muscle cramps and feel overheated in hot weather,436,847,,,
409,you develop severe vomiting and diarrhea after eating foraged mushrooms or an unknown plant,696,703,,,
410,you develop shaking chills and feel suddenly much sicker than a typical viral illness,393,470,,,
411,you develop sudden back pain with new leg numbness or weakness,559,405,,,
412,you develop sudden double vision or have trouble focusing your eyes,565,478,,,
413,you develop sudden ringing in your ear with dizziness or nausea,414,686,,,
414,you develop sudden spinning dizziness and have to lie down,413,432,,,
415,you develop sudden testicular pain or swelling,548,491,,,
416,"you develop sudden, new shortness of breath",402,493,,,
417,"you develop sudden, wave-like flank pain that makes it hard to get comfortable",492,488,,,
418,you discover a funeral has been arranged by someone else without your knowledge or consent,100,303,,,
419,you discover a large hole or soft spot in an interior wall that seems to be expanding,91,186,,,
420,"you discover a tyre has a bulge, deep cut, or exposed cords and are unsure if it is safe to drive",136,947,,,
421,you discover an explicit deepfake image or video of yourself,599,571,,,
422,"you discover an official record has the wrong name, date of birth, or address",71,679,,,
423,you discover false or inaccurate information in your personnel file or HR record,316,424,,,
424,you discover rumours about your performance are being circulated at work,423,329,,,
425,you discover someone has saved intimate photos you sent them,689,224,,,
426,you discover someone has used your identity to apply for credit or open accounts,790,791,,,
427,you discover your backups have not been running for a long time,783,251,,,
428,you do not have the personal details needed to register a death,445,57,,,
429,you expect a volatile person may show up at a funeral or memorial service and you are worried about disruption,538,318,,,
430,you experience a pregnancy loss or newborn death and officials are asking for decisions,335,280,,,
431,"you experience sudden numbness or tingling in your face, arm, or leg that comes and goes",560,565,,,
432,you faint briefly and wake up feeling confused,549,847,,,
433,you feel a tingling sensation when touching a tap or metal appliance,672,506,,,
434,you feel faint and your heart races when you stand up,465,436,,,
435,you feel food stuck in your throat and you can breathe but swallowing is difficult,704,480,,,
436,you feel lightheaded and close to fainting but the symptoms keep returning,434,465,,,
437,you feel like strangers are coordinating to follow or watch you in public,699,700,,,
438,you feel pressured into sexual contact during a healthcare or support appointment and feel unsafe,103,135,,,
439,you feel unsafe at a venue and staff or security are not helping,223,218,,,
440,you find a bat in your room while you were asleep and are unsure about contact,169,454,,,
441,you find a large insect swarm indoors and suspect a nest in the building,140,454,,,
442,you find a locked safe or strongbox and suspect vital documents are inside,321,943,,,
443,you find a ransom note or encrypted files on your computer,642,837,,,
444,you find a strong sewer smell coming from one specific drain even after running water,181,202,,,
445,you find an error on a death certificate that is blocking urgent tasks,428,264,,,
446,you find an outdoor tap or hose connection leaking into an interior wall,247,958,,,
447,you find more than one will and family members disagree about which is valid,277,691,,,
448,you find pets left alone after their owner has died and you need urgent care for them,15,139,,,
449,you find sexual images of your child on a device and you suspect coercion or exploitation,771,339,,,
450,you find standing water in your basement or crawl space after heavy rain,133,237,,,
451,you find storm damage to your roof or windows that could worsen,668,569,,,
452,you find water collecting under a tiled floor and suspect a leak beneath the tiles,242,245,,,
453,you get a bank alert about a new payee or device you did not authorise,552,729,,,
454,you get a bite or sting and the swelling keeps increasing over hours,169,554,,,
455,you get a call claiming a family member has been detained or arrested,647,311,,,
456,you get a final notice for rent or mortgage and cannot pay on time,914,1,,,
457,you get a needle-stick injury from a discarded needle in a public place,557,713,,,
458,you get a new severe stiff neck without an obvious injury,471,397,,,
459,you get a notice that your two-factor authentication method was changed without your permission,461,711,,,
460,you get a notification that your card was added to a digital wallet you do not use,764,716,,,
461,you get an alert that an unknown passkey was added to your account,459,711,,,
462,you get an alert that your card details may have been exposed in a data breach,764,467,,,
463,you get an unexpected carrier alert that call forwarding was enabled,956,751,,,
464,you get an unexpectedly high blood pressure reading and feel unwell,481,478,,,
465,you get an unexpectedly low blood pressure reading and feel weak or lightheaded,434,436,,,
466,you get an urgent delivery or customs fee demand for a parcel you were not expecting,260,634,,,
467,you get notified of a data breach and you reuse that password on other accounts,574,711,,,
468,you get repeated password reset emails for work accounts you did not request,297,555,,,
469,you have a family court or custody hearing soon after a death,29,278,,,
470,you have a fever and your heart rate feels unusually fast at rest,393,410,,,
471,you have a fever with a stiff neck or sensitivity to light,458,397,,,
472,you have a first court appearance and cannot get legal advice in time,333,581,,,
473,"you have a flat tyre but no spare, jack, or repair kit",947,420,,,
474,"you have a joint that is suddenly hot, swollen, and painful",399,564,,,
475,you have a jury summons but cannot attend on the date provided,590,627,,,
476,you have a mandatory work training deadline approaching but have not been scheduled or assigned to complete it,320,912,,,
477,you have a new episode of unusual sensations and confusion and worry it could be a seizure,432,560,,,
478,you have a new severe headache with a droopy eyelid or unequal pupils,481,565,,,
479,you have a painful erection that has lasted several hours and will not go away,415,548,,,
480,"you have a painful, rapidly worsening sore throat and trouble swallowing",398,435,,,
481,"you have a sudden, severe, and unusual headache",478,513,,,
482,you have been in a minor car collision and are now safely parked,127,665,,,
483,you have been in the cold and cannot stop shivering or feel confused,938,432,,,
484,you have diabetes and a foot blister or wound that is worsening or looks infected,564,399,,,
485,you have facial swelling from a tooth problem that is spreading,502,551,,,
486,you have heavy postpartum bleeding and feel lightheaded or faint,494,465,,,
487,you have new abdominal bloating and vomiting after recent surgery,489,491,,,
488,you have new urinary pain and see blood in your urine,417,492,,,
489,you have severe constipation with increasing abdominal swelling and nausea,487,491,,,
490,you have steadily worsening pain in the lower right side of your abdomen,491,487,,,
491,you have sudden abdominal pain that is new and worsening,490,500,,,
492,you have sudden back or side pain with fever and urinary symptoms,417,488,,,
493,you have sudden chest pain after a long trip or prolonged immobility,402,416,,,
494,you have sudden heavy vaginal bleeding and feel dizzy,486,496,,,
495,you have sudden loss of vision in one eye or a curtain-like shadow,565,499,,,
496,you have sudden pelvic pain and abnormal vaginal bleeding,494,407,,,
497,you have sudden severe chest pain or heartburn after swallowing a pill,435,402,,,
498,you have sudden severe ear pain with fever and swelling behind the ear,686,413,,,
499,you have sudden severe eye pain with redness or halos around lights,495,565,,,
500,you have sudden severe pain in your upper abdomen with nausea that will not settle,406,491,,,
501,you have sudden watery diarrhea after starting antibiotics and feel increasingly unwell,410,393,,,
502,"you have sudden worsening pain, redness, or discharge after a recent procedure or dental work",399,557,,,
503,you hear a loud new grinding or scraping noise while driving,508,954,,,
504,you hear a repeated clicking sound from a wall or electrical outlet,506,562,,,
505,you hear arguing or sounds of distress from a neighbor and are unsure whether to intervene,223,89,,,
506,"you hear buzzing, crackling, or sizzling from your electrical panel or fuse box",504,157,,,
507,you hear credible rumours of layoffs in your department,818,831,,,
508,you hear loud clicking or grinding from one wheel after a tire change,503,954,,,
509,"you hear someone on a fire escape, balcony, or roof area near your window",217,510,,,
510,you hear someone outside calling your name when you are home alone,509,89,,,
511,you hit a daily transfer limit and need to send a payment today,730,1,,,
512,you hit your eye and now have worsening pain or blurred vision,499,565,,,
513,"you hit your head and now have a worsening headache, nausea, or unusual sleepiness",481,478,,,
514,you keep receiving unwanted explicit images and the sender will not stop,156,213,,,
515,you learn a close relative has died and you feel destabilised by your history with them,621,203,,,
516,you learn a friend is being pressured for sexual photos and they are afraid to tell anyone,56,514,,,
517,you learn a loved one has died abroad and you do not know who to contact first,625,656,,,
518,you learn a loved one’s death may have involved drugs or alcohol and you fear stigma and gossip,243,302,,,
519,you learn your wages or bank account are being garnished or frozen,720,728,,,
520,you leave a child car seat or booster seat in a taxi or rideshare and you need it to travel,521,919,,,
521,you left your passport in a taxi or rideshare and need to travel today,579,575,,,
522,you lock your keys inside your vehicle but still have your phone,531,758,,,
523,you lose a physical security key used for two-factor sign-in,388,525,,,
524,you lose access to a shared work account or workspace unexpectedly,527,338,,,
525,you lose access to your authenticator app and cannot log in to your financial accounts,388,526,,,
526,you lose access to your financial accounts because your phone number was hijacked or SIM swapped,904,683,,,
527,you lose access to your work email and systems without warning,524,555,,,
528,you lose power in part of your home and the breaker panel looks normal,966,506,,,
529,you lose your company ID badge and are worried it could be misused,747,297,,,
530,you lose your driving licence abroad and need it for car hire or travel plans,11,344,,,
531,you lose your vehicle keys while you are out and you are stranded,522,762,,,
532,"you lose your visa, residence permit, or immigration documents while abroad",917,540,,,
533,you miss a dose of important medicine and symptoms are starting,705,403,,,
534,you miss a flight connection because of immigration or document checks and you are stranded,337,842,,,
535,you missed a court response deadline and fear a default judgment,581,658,,,
536,you need to access a deceased person's locked safety deposit box,442,691,,,
537,you need to handle rent or mortgage payments after someone has died,2,174,,,
538,you need to make a funeral or memorial service private due to safety or privacy concerns,429,185,,,
539,you need to notify your employer or school about a death in your family,309,288,,,
540,you need to renew or replace your passport abroad and cannot get an appointment in time,886,256,,,
541,you need to tell a child that a relative is dying soon,542,349,,,
542,you need to tell a child that someone close has died and you are in shock,541,377,,,
543,you need to tell an estranged family member about a death and fear conflict,203,302,,,
544,you need to travel with cremated remains and are unsure about documentation or airport screening,864,283,,,
545,you need to update your child’s emergency contacts and pick-up list after a death,146,278,,,
546,"you notice a ceiling beam, joist, or rafter is cracked or out of line",59,569,,,
547,you notice a new breast redness or swelling with fever that develops quickly,399,550,,,
548,you notice a new groin bulge with increasing pain and nausea,415,491,,,
549,you notice a new irregular heartbeat or skipped beats and feel unsettled,847,432,,,
550,you notice a new lump or swelling that appeared suddenly and is growing,398,551,,,
551,you notice a painful swelling near your eye or nose that is spreading,485,399,,,
552,you notice a pending payment or transfer that you did not authorise,453,716,,,
553,you notice a rash with fever and are unsure if it is serious,395,554,,,
554,you notice a tick bite and a rash that is spreading or getting bigger,553,454,,,
555,you notice emails or messages being sent from your work account that you did not send,297,468,,,
556,you notice ice buildup on your roof edge and water marks appearing indoors,569,451,,,
557,"you notice increasing redness, pain, or swelling around an IV or injection site",713,502,,,
558,you notice mushrooms or fungal growth appearing indoors after a water leak,675,967,,,
559,you notice new numbness in the groin area or trouble controlling your bladder or bowels,411,405,,,
560,you notice new slurred speech or difficulty getting words out,431,565,,,
561,you notice purple spots or bruising that appear suddenly without injury,326,682,,,
562,you notice scorch marks or burning smells around a ceiling light fixture,506,671,,,
563,you notice soil washing away near a foundation or retaining wall and it seems to be accelerating,113,237,,,
564,you notice spreading redness or red streaks around a cut,399,484,,,
565,"you notice sudden vision changes like flashing lights, blind spots, or blurred vision",495,412,,,
566,you notice unexplained small deposits in your bank account,716,664,,,
567,you notice water seeping through a basement wall,450,237,,,
568,you notice your passport is not signed and you are close to departure,679,887,,,
569,you notice your roofline sagging after severe weather,546,451,,,
570,you overwrite a file and cannot find a previous version to restore,251,427,,,
571,you realise someone is collecting your photos and making sexual comments about you online,212,689,,,
572,you realise you boarded the wrong train or bus,379,940,,,
573,you realise you brought an old or cancelled passport instead of your current one,376,813,,,
574,you realise you entered your password into a site that may have been fake,467,711,,,
575,you realise you left your passport in a hotel safe and have to travel soon,944,521,,,
576,you realise you may have mixed up two similar-looking medicines,253,577,,,
577,you realise you may have taken two medicines that should not be combined,576,403,,,
578,you realise your passport is missing the night before you travel,521,579,,,
579,you realise your passport was left in an airport security tray after you walk away,521,578,,,
580,you receive a call asking you to store property for someone in custody,229,311,,,
581,you receive a court claim or lawsuit notice and the deadline to respond is soon,535,582,,,
582,you receive a court claim or summons about an unpaid debt unexpectedly,585,581,,,
583,you receive a court order you do not understand and it takes effect immediately,608,342,,,
584,you receive a data export is ready email for an account you did not request,711,689,,,
585,you receive a debt collection letter for a debt you do not recognise,27,602,,,
586,you receive a demand for documents that include private communications and you are unsure what is protected,591,197,,,
587,you receive a demand for money to return your lost passport or documents and suspect a scam,688,629,,,
588,you receive a demand to return company equipment with threats of action,592,593,,,
589,you receive a formal disciplinary hearing notice at work,346,423,,,
590,you receive a jury summons with the wrong name or address details,475,422,,,
591,you receive a legal hold or preservation notice to keep records for a case,586,370,,,
592,you receive a legal letter from your employer alleging a breach of contract,347,332,,,
593,you receive a legal threat from a former employer about contacting clients or colleagues,332,52,,,
594,you receive a letter demanding payment for an official filing you did not submit,634,641,,,
595,you receive a message claiming a warrant will be issued if you do not respond by a deadline,702,639,,,
596,you receive a message demanding an urgent fee to release a visa or permit,629,634,,,
597,you receive a message from someone you know that feels off and asks you to meet urgently in a private place,230,650,,,
598,you receive a message that someone in custody has restricted contact and you are unsure what it means,607,101,,,
599,you receive a message with a link claiming to be an intimate photo of you,421,514,,,
600,you receive a missed check-in alert from a supervision app or phone system and the deadline is short,812,651,,,
601,you receive a no-contact order but share childcare or other responsibilities,341,342,,,
602,you receive a notice about a lien for a debt you do not recognise,585,582,,,
603,you receive a notice asking you to identify the driver of a vehicle linked to an offence,646,611,,,
604,you receive a notice from a prosecutor asking for a response or statement,627,190,,,
605,you receive a notice that a past-due bill will be escalated to enforcement unless paid today,617,40,,,
606,you receive a notice that an online account will be deleted soon for inactivity,776,116,,,
607,you receive a notice that visitation rules for a detention facility have changed,598,101,,,
608,you receive a notice that you could be held in contempt for not complying with a court order,583,658,,,
609,you receive a notice that your booking was changed and you suspect someone accessed your travel account,941,711,,,
610,you receive a notice that your court hearing has been moved to an earlier date,389,644,,,
611,you receive a notice that your driver licence or driving privilege is being suspended,646,373,,,
612,you receive a notice that your name is on an official watchlist or database and you cannot correct it quickly,337,422,,,
613,you receive a notice that your property may be searched or inspected as part of an investigation,200,624,,,
614,you receive a notice that your vehicle has been impounded or seized,662,99,,,
615,you receive a notice that your visa application needs more documents by a short deadline,654,259,,,
616,you receive a notice that your visa or travel permission has been cancelled while you are abroad,337,917,,,
617,you receive a notice threatening immediate enforcement or legal action over a missed payment,605,40,,,
618,you receive a notice to attend a meeting about a complaint involving your child,310,365,,,
619,you receive a notice to surrender to custody to begin a sentence,715,229,,,
620,you receive a notification that screen sharing or remote management was enabled without your consent,690,706,,,
621,you receive a phone call saying a family member has died and you are alone,515,328,,,
622,you receive a property tax delinquency notice because your escrow payments were not applied,914,871,,,
623,you receive a repossession warning for your financed vehicle,653,614,,,
624,"you receive a request to hand over CCTV, doorbell camera, or dashcam footage to authorities",188,586,,,
625,you receive a request to transfer a loved one’s remains and are unsure it is legitimate,350,656,,,
626,you receive a student loan default warning or a threat of collection action,933,653,,,
627,you receive a subpoena or formal demand to testify and the deadline is soon,340,604,,,
628,you receive a suspicious call from someone claiming to be emergency services,639,635,,,
629,you receive a suspicious call or message claiming to be from an embassy asking for personal details,596,296,,,
630,you receive a suspicious email asking you to change your payroll or direct deposit bank details,297,555,,,
631,you receive a suspicious text or call claiming your account will be closed,729,574,,,
632,you receive a tax audit notice and the response deadline is soon,658,633,,,
633,you receive a tax bill you cannot pay by the deadline,617,937,,,
634,you receive a text or email demanding immediate payment for a fine or fee,594,641,,,
635,you receive a threat that someone will send police or emergency services to your address as a prank,628,636,,,
636,you receive a threatening blackmail message demanding immediate action and you fear it could escalate in person,642,659,,,
637,you receive a utility bill or notice for an address where you have never lived,791,585,,,
638,you receive a utility disconnection or shutoff notice for non-payment,5,685,,,
639,you receive a voicemail from someone claiming to be police about an incident,357,628,,,
640,you receive alerts that accounts are being accessed after a death and you suspect identity misuse,687,691,,,
641,you receive an email about a case number that requires urgent action but you cannot verify the sender,594,639,,,
642,you receive an extortion message claiming your files were copied and you are unsure if it is real,443,690,,,
643,you receive an invoice or bill for a purchase or service you did not order,112,637,,,
644,you receive an official letter saying you missed a court date you did not know about,535,610,,,
645,you receive an official notice that your benefits may be stopped due to an investigation,5,918,,,
646,you receive an official notice that your vehicle registration may be suspended or cancelled,611,373,,,
647,you receive an unexpected collect call from a detention facility and you do not know who it is,455,311,,,
648,you receive an unexpected notice that your identity must be verified in person for an official record,387,654,,,
649,you receive an unexpected request to meet an investigator at a location you did not choose,161,190,,,
650,you receive an unsolicited meet me now message from an unfamiliar or spoofed account,597,230,,,
651,you receive an urgent message about a potential supervision breach and a deadline to respond today,910,600,,,
652,you receive an urgent message asking you to buy gift cards or make a payment for work,290,630,,,
653,you receive an urgent notice about a missed loan payment you thought was covered,933,623,,,
654,you receive an urgent notice demanding identity documents within 48 hours,387,615,,,
655,you receive an urgent official request to update your address and are unsure if it is real,641,637,,,
656,you receive conflicting information about where a person who died is being held,350,381,,,
657,you receive legal papers or court documents addressed to someone else at your home,661,422,,,
658,you receive official paperwork with a deadline that has already passed,535,644,,,
659,you receive sexual threats online after you rejected someone and they keep escalating,156,636,,,
660,you receive unexpected account verification or welcome emails at your work address,468,297,,,
661,you receive urgent court papers addressed to a person who has died,182,299,,,
662,you return to where you parked and your vehicle is missing,614,99,,,
663,you run out of fuel and your vehicle is safely off the road,755,762,,,
664,you see a large cash withdrawal on your account but you still have your card,716,453,,,
665,you see a new fluid leak under your vehicle and you cannot identify what it is,165,676,,,
666,you see a stranger checking door numbers or mailboxes in your building,217,669,,,
667,you see app subscriptions or in-app purchases you did not start,710,680,,,
668,you see roof tiles or shingles missing after high winds,451,569,,,
669,you see someone checking car door handles in a parking lot or garage,204,662,,,
670,you see someone trying to enter a restricted area and you are worried about safety,439,223,,,
671,you see water dripping from a ceiling light or recessed light,76,562,,,
672,you see water or condensation inside an outdoor electrical box or near your meter,433,506,,,
673,you sent confidential information or a file to the wrong person at work,591,586,,,
674,you shared your bank login or a one-time code and think your account is at risk,526,724,,,
675,you smell a strong musty odour and find mould spreading quickly after dampness,558,967,,,
676,you smell burning from your vehicle and have pulled over safely,165,665,,,
677,you smell exhaust fumes inside your car while stopped or parked,14,678,,,
678,you smell gasoline or fuel around your parked vehicle,676,665,,,
679,you spot a major printing error on your passport details page shortly before travel,422,568,,,
680,you spot a recurring charge to a company you do not recognise,305,764,,,
681,"you start a new medicine and feel faint, unusually restless, or severely sweaty",403,577,,,
682,you start having repeated nosebleeds or bleeding gums without a clear cause,561,326,,,
683,you stop receiving text messages and cannot get SMS verification codes,526,904,,,
684,you suddenly have no hot water and your water heater shows an error or warning light,739,939,,,
685,you suddenly have no running water in your home,748,866,,,
686,you suddenly lose hearing in one ear or your hearing drops sharply,413,498,,,
687,you suspect a mailing address was changed after a death and important letters are missing,640,691,,,
688,you suspect someone copied your passport details and you are worried about misuse while abroad,296,426,,,
689,you suspect someone else has access to your private photos or cloud account,425,584,,,
690,you suspect someone has remote access to your computer because the cursor is moving on its own,620,709,,,
691,you suspect someone is accessing the money or property of a person who has died,640,687,,,
692,you suspect someone is grooming you by rushing intimacy and isolating you from others,218,793,,,
693,you suspect someone is trying to pickpocket you in a crowd,900,204,,,
694,you suspect someone is using your name to approve purchases or invoices at work,297,652,,,
695,you suspect you have a serious reaction after a vaccine or injection,557,713,,,
696,you suspect you swallowed a caustic household product and your mouth or throat is burning,409,704,,,
697,you suspect your drink or food has been tampered with or spiked,55,218,,,
698,you suspect your pipes are starting to freeze and the taps are slowing or sputtering,685,958,,,
699,you think someone is following you and they are still nearby,211,231,,,
700,"you think someone may have put a tracking device in your bag, car, or belongings",699,212,,,
701,you think someone used your unlocked phone to search for or share intimate content while you were asleep,706,689,,,
702,you think there is an active warrant in your name,595,187,,,
703,you think you have taken too much paracetamol or acetaminophen from multiple products,705,577,,,
704,you think you swallowed a fish bone or sharp food and throat pain is worsening,435,497,,,
705,you think you took a double dose of a prescription medicine by mistake,576,577,,,
706,you think your phone camera or microphone was accessed and fear intimate content was captured,620,701,,,
707,your accommodation booking is disputed at check-in and you need proof immediately,386,609,,,
708,your airline says your travel documents do not meet the destination entry requirements,337,183,,,
709,your antivirus or security app is suddenly disabled and you did not change it,690,780,,,
710,your app store account is locked for suspicious purchases and you need access urgently,667,711,,,
711,your Apple ID or Google Account shows a new device being set up,459,574,,,
712,your approved time off is cancelled with very short notice,971,820,,,
713,"your arm becomes swollen or heavy after an IV, line, or injection",557,695,,,
714,your authenticator app shows accounts missing after an update or phone change,525,388,,,
715,your bail or release conditions have changed suddenly and you are unsure how to comply,363,910,,,
716,your bank account balance drops suddenly and you cannot explain the transactions,552,664,,,
717,your bank account is being closed and you need to move your money fast,720,892,,,
718,your bank account is marked dormant and you cannot make payments,720,730,,,
719,your bank account is overdrawn and you have multiple payments scheduled in the next 48 hours,723,250,,,
720,your bank account is restricted or frozen and you cannot access your funds,519,717,,,
721,your bank blocks a payment because the payee details appear to have changed,74,134,,,
722,your bank blocks your card while you are abroad,383,916,,,
723,your bank charges an unexpected fee or penalty that puts your account in the red,719,111,,,
724,your bank confirms unauthorised payments but says the investigation will take weeks,716,552,,,
725,your bank has temporarily blocked your cheques or check writing for fraud checks,20,21,,,
726,your bank places a hold on a large deposit and you cannot access the funds,727,719,,,
727,your bank says a recent deposit was reversed and your balance is now negative,21,726,,,
728,your bank says it will take money from your account to cover a debt,519,937,,,
729,your bank sends a suspicious transaction alert asking you to confirm by link,453,207,,,
730,your bank’s app and website are down and you have a time-critical payment due,511,1,,,
731,your bicycle chain snaps or jams and you cannot pedal,733,734,,,
732,your bicycle lock is jammed or the key is broken and you cannot free your bike,731,733,,,
733,your bicycle tyre punctures and you do not have the tools to fix it,731,734,,,
734,your bike brakes feel unreliable during a pre-ride check and you still need to travel,736,735,,,
735,your bike lights will not turn on and you are worried about riding in the dark,734,807,,,
736,"your bike’s quick-release, axle, or wheel feels loose and you suspect it may not be safe to ride",734,733,,,
737,your blood sugar reading is low and keeps dropping despite eating,845,432,,,
738,your boiler or furnace is leaking water and the situation is getting worse,739,104,,,
739,your boiler pressure drops suddenly and the heating or hot water stops working,738,849,,,
740,your brake lights stay on after you turn the vehicle off and you worry the battery will drain,753,856,,,
741,your brake pedal feels soft or unusually low while the vehicle is stopped,8,144,,,
742,your brokerage or trading account shows a sudden negative cash balance or margin call,716,720,,,
743,"your browser bookmarks, history, or extensions disappear after an update",171,150,,,
744,your browser homepage and default search engine change overnight,171,745,,,
745,your browser keeps redirecting to strange pages after you downloaded a file,171,709,,,
746,your browser shows connection not private warnings on many trusted sites at once,796,850,,,
747,your building access badge stops working and you are told to wait outside,529,527,,,
748,your building water is being shut off for emergency repairs,685,936,,,
749,your burglar or fire alarm system is sounding and you cannot silence it or verify why,122,254,,,
750,your calendar fills with spam events that include links and phone numbers,784,574,,,
751,your calls go straight to voicemail and your texts are delayed or not arriving,463,902,,,
752,"your cane, walker, or other walking aid breaks while you are out",963,964,,,
753,your car battery is dead while you are parked and you need to leave soon,762,18,,,
754,your car door is frozen shut and you cannot get inside,758,522,,,
755,your car fuel gauge is unreliable and you are unsure if you can reach help,663,844,,,
756,your car hood or bonnet will not latch properly before you start driving,851,665,,,
757,your car keeps stalling at idle and you are stopped somewhere safe,106,762,,,
758,your car locks or windows stop working and you cannot secure the vehicle,10,760,,,
759,your car trunk or boot will not open and you need urgent items inside,945,522,,,
760,your car window is shattered and you need to secure the vehicle,758,669,,,
761,your car won’t shift out of park and you are stuck in a parking lot or driveway,868,762,,,
762,your car won’t start and you are stranded in an unfamiliar place,753,952,,,
763,"your carbon monoxide detector is beeping, chirping, or showing a fault signal",14,122,,,
764,your card details are compromised and you keep seeing small test charges,462,460,,,
765,your card is declined due to a merchant category block you did not set,766,767,,,
766,your card issuer blocks online payments and you have essential bills due today,730,765,,,
767,your card issuer flags a purchase as suspicious and demands immediate identity checks,453,729,,,
768,your charging port is not working and your device is running out of power,895,798,,,
769,your checked bag is delayed and contains your vehicle keys or essential mobility equipment,770,964,,,
770,your checked bag is missing and you have lost your bag tag receipt,769,864,,,
771,your child is being blackmailed or threatened online for sexual images or money,449,339,,,
772,your child may have swallowed a medicine or unknown substance but seems fine so far,222,703,,,
773,your child support or maintenance payment is missed and enforcement is threatened,617,40,,,
774,your child’s travel document details do not match their flight booking at check-in,71,708,,,
775,your clothes dryer smells unusually hot or burnt and you suspect a venting problem,151,157,,,
776,your cloud account shows a warning about permanent deletion or a verification issue,606,322,,,
777,your cloud documents are read-only because your storage quota is full,41,903,,,
778,your cloud storage suddenly shows a large upload you cannot explain,119,901,,,
779,your commission or bonus is withheld or missing from your paycheck,880,890,,,
780,your computer firewall settings changed and you did not change them,709,781,,,
781,your computer suddenly routes web traffic through a proxy you did not set,780,745,,,
782,your computer suddenly shows a new local administrator account you did not create,690,620,,,
783,your computer warns of disk errors and offers a repair that could risk data loss,834,427,,,
784,your contact list or calendar entries disappear or merge unexpectedly,785,750,,,
785,your contacts list suddenly fills with unknown entries or random names,784,750,,,
786,your cooling system fails during extreme heat and the indoor temperature is rising,848,939,,,
787,your credit card is over the limit and restricted due to interest or fees,869,723,,,
788,your credit card statement shows a cash advance you did not make,664,716,,,
789,your credit file is suddenly frozen or locked and you did not request it,790,426,,,
790,your credit report shows a new hard inquiry you did not authorise,426,791,,,
791,your credit report shows an address or employer you do not recognise,426,790,,,
792,your credit score drops sharply overnight and you do not know the reason,790,791,,,
793,your date pressures you for a private location and reacts aggressively when you refuse,37,221,,,
794,your debit card PIN is changed and you did not request it,453,716,,,
795,your device asks for a different Apple ID or Google Account to update apps,797,711,,,
796,your device clock resets and secure websites stop loading correctly,746,961,,,
797,your device is activation locked or linked to an unknown account,795,166,,,
798,your device is overheating and you suspect a failing battery,860,768,,,
799,your device keeps asking for suspicious new system permissions after an update,149,923,,,
800,your device shows a fake virus warning pop-up that tells you to call a number,745,574,,,
801,your device suddenly asks for a disk-encryption recovery key after a restart,166,797,,,
802,your device suddenly asks for administrator permission for normal settings changes,782,799,,,
803,your direct debit or automatic payment has been changed without your permission,69,552,,,
804,your dishwasher is leaking water onto the kitchen floor mid-cycle,957,866,,,
805,your domain registrar shows a transfer or ownership change you did not request,962,961,,,
806,your driver seat belt will not latch or stay fastened,147,741,,,
807,your e-bike or e-scooter battery dies far from home and you cannot easily carry it,731,919,,,
808,your e-scooter or folding bike will not lock open and you cannot ride it safely,736,734,,,
809,your electric vehicle charge port will not close after charging,810,844,,,
810,your electric vehicle charging cable is stuck and will not release,809,844,,,
811,your electric vehicle displays a high-voltage or battery system warning,907,106,,,
812,your electronic monitoring device malfunctions and you are told it could be treated as a violation,600,651,,,
813,your electronic travel authorisation is linked to an old passport and you are travelling soon,376,573,,,
814,your email account starts sending automatic replies you did not set up,555,817,,,
815,your email app stops syncing or shows connection errors,816,814,,,
816,your email inbox is full and new messages are bouncing,815,817,,,
817,your email provider warns it will block outgoing mail due to unusual activity,814,468,,,
818,your employer announces the business is entering bankruptcy or insolvency proceedings,831,972,,,
819,your employer asks to search your personal phone or laptop for a workplace investigation,370,586,,,
820,"your employer changes your pay, hours, or other terms of your employment",368,371,,,
821,your employer changes your resignation notice period after you have handed it in,825,827,,,
822,your employer is reviewing roles and has asked for an updated CV or resume,507,329,,,
823,your employer or provider tells you your benefits or health coverage have been cancelled unexpectedly,854,159,,,
824,your employer refuses or limits your job reference,52,875,,,
825,your employer refuses to accept your resignation and insists you stay longer,821,827,,,
826,your employer says you must repay an overpayment immediately,891,519,,,
827,your employer says you must repay training costs when you resign,821,332,,,
828,your employer says your bonus is being clawed back unexpectedly,779,891,,,
829,your employer tells you to relocate or change your work location,820,971,,,
830,your employer threatens to report you to your professional licensing or certification board,320,912,,,
831,your employer warns you that they may not be able to pay your wages,818,890,,,
832,your evisa approval cannot be found online when you need to show it,616,708,,,
833,your external drive keeps disconnecting during file transfers,834,783,,,
834,your external hard drive will not mount and you need to save your files,833,138,,,
835,your family sharing or purchase sharing settings changed without your permission,667,711,,,
836,your fever returns after you seemed to be improving,393,410,,,
837,your files suddenly change names or extensions and you do not know why,443,783,,,
838,your final paycheck is delayed and you are told it will be sorted later,890,972,,,
839,your fireplace or stove is pushing smoke back into the room,60,14,,,
840,"your flight is delayed and you might miss your onward train, bus, or car rental",842,909,,,
841,your flight is overbooked and you are being denied boarding,842,924,,,
842,your flight is suddenly cancelled and you are at the airport without a clear rebooking option,840,841,,,
843,your fridge or freezer stops cooling and food is thawing,248,966,,,
844,your fuel cap or charge-port door is stuck shut when you need to refuel or charge,809,755,,,
845,your glucose monitor or insulin device alarms and you are not sure what it means,737,404,,,
846,your headlights or rear lights are not working before you drive at night,946,740,,,
847,your heart suddenly starts racing or pounding while you are at rest,549,432,,,
848,your heating is stuck on and your home is overheating,786,939,,,
849,your heating system stops working and your home is getting cold,739,939,,,
850,your home Wi-Fi name or password appears changed and your devices disconnect,921,922,,,
851,your hood release is stuck and you have a dashboard warning light,756,665,,,
852,your hot water is suddenly scalding hot and you are worried about a burn risk,684,939,,,
853,your infant under three months has a fever or is unusually sleepy,393,938,,,
854,your insurance payment failed and you are warned your coverage will lapse,159,823,,,
855,your insurance premium increases sharply and the next payment is due soon,854,823,,,
856,your interior lights or accessories will not turn off and you fear the battery will drain,740,753,,,
857,your irrigation or sprinkler system turns on unexpectedly and won’t shut off,247,866,,,
858,your kitchen cabinet base is wet and you cannot find the source of the leak,49,804,,,
859,your landlord or housing provider makes sexual comments and implies your housing depends on it,117,236,,,
860,your laptop battery is swelling and the casing or trackpad is lifting,798,768,,,
861,your laptop is locked by an unknown firmware or BIOS password,166,801,,,
862,your laptop is stolen and it contains sensitive personal documents,899,688,,,
863,your loan has been transferred to a new servicer and you are being told you are overdue,653,914,,,
864,your luggage is flagged for inspection at an airport and officials want to check it,283,544,,,
865,your luggage is too heavy to manage alone after a sudden platform change or diversion,129,359,,,
866,your main water shutoff valve is stuck and you cannot turn it,245,247,,,
867,your manager demands you attend a meeting while you are on medical leave,81,712,,,
868,your manual car is stuck in gear and you cannot move off,238,761,,,
869,your minimum credit card payment jumps far higher than usual,787,719,,,
870,your mobile phone service is about to be suspended and you need it for banking codes,683,526,,,
871,your mortgage payment amount changes suddenly and the next payment is due within days,622,914,,,
872,your motorcycle chain looks loose or damaged and you are deciding whether it is safe to ride,731,954,,,
873,your motorcycle or scooter will not start and you are stranded away from home,872,807,,,
874,your navigation stops working while your phone battery is low in an unfamiliar area,895,897,,,
875,your new job start date is postponed after you have already resigned,369,824,,,
876,your online banking shows a zero balance and you suspect a system outage,730,716,,,
877,your online card payments are being declined due to an address verification mismatch,766,767,,,
878,your online memorial page is being targeted by trolls or scammers,538,212,,,
879,your oven or stove will not turn off and you are worried it is unsafe,151,839,,,
880,your overtime or shift premiums are missing from your pay,779,890,,,
881,your passport expires too soon for your travel plans,884,540,,,
882,your passport has no blank pages left for travel,881,540,,,
883,your passport is damaged and you are worried it will be rejected for travel,884,887,,,
884,your passport is flagged as cancelled or invalid in a database while you have it,883,708,,,
885,your passport is held by an embassy or consulate and you have urgent travel plans,540,944,,,
886,your passport is stolen while you are abroad and you still need to travel onward,540,256,,,
887,your passport will not scan at an airport self-service kiosk or gate,183,883,,,
888,your password manager stops unlocking and you cannot access your saved logins,96,388,,,
889,your password works on one device but is rejected on another for the same account,322,711,,,
890,your pay does not arrive on payday,838,831,,,
891,your pay statement shows an unexpected deduction you do not recognise,826,880,,,
892,your payment app account is locked and you have money stuck inside,720,322,,,
893,your pet’s travel health certificate date window does not match your departure date,375,708,,,
894,your phone backup fails and you are about to reset or replace the device,87,427,,,
895,your phone battery is low and your ticket or access pass is only on your phone,768,874,,,
896,your phone dies and you cannot unlock or start your vehicle,895,952,,,
897,your phone is lost or broken abroad and your travel bookings are inaccessible,323,874,,,
898,your phone is missing and the location tracking shows an unexpected place,899,900,,,
899,your phone is stolen and you are worried about account access,900,526,,,
900,your phone or wallet is lost and your cards are exposed to misuse,899,764,,,
901,your phone shows a sudden spike in data usage and you fear an unknown upload is running,778,706,,,
902,your phone shows emergency-calls-only or no service when you know coverage is normal,904,751,,,
903,"your phone storage is full and it stops saving photos, videos, or messages",777,894,,,
904,your phone suddenly shows No SIM and your number stops working,526,683,,,
905,your photo library has duplicates and you are worried about deleting the originals,28,906,,,
906,your photo library shows optimising and your photos look missing or low-quality,905,894,,,
907,your plug-in hybrid has a fault mode or reduced power warning,811,106,,,
908,"your porch, balcony, or deck feels like it is pulling away from the building",125,372,,,
909,"your prebooked airport, ferry, or rail transfer does not arrive and you are under time pressure",840,915,,,
910,your probation or supervision officer says you may be in violation and wants to meet urgently,651,812,,,
911,your probation period is being extended unexpectedly,329,820,,,
912,your professional certification or license is expiring soon and you cannot renew it in time,320,830,,,
913,your recently deleted folder is empty and you did not empty it,251,427,,,
914,your rent or mortgage payment is marked unpaid even though you have proof it was sent,1,456,,,
915,your rental car reservation is cancelled at pickup and you need transport urgently,11,109,,,
916,your replacement bank card has not arrived and your current card is deactivated,722,153,,,
917,your residence permit card expires while you are abroad and you need to return home,616,708,,,
918,your retirement or pension payment is stopped for identity verification,648,645,,,
919,your ride-hailing account is suspended when you need to book urgent transport,13,915,,,
920,your router resets unexpectedly and all your connected devices lose internet at once,850,921,,,
921,your router settings show remote administration was turned on and you did not enable it,922,850,,,
922,your router shows many unknown devices connected to your network,921,850,,,
923,your screen shows repeated allow access prompts for apps you did not open,149,799,,,
924,your seat assignment disappears at the gate and you are told to wait,841,842,,,
925,your septic system alarm goes off or the control panel shows a warning,202,181,,,
926,your shower or tub will not turn off and water is running continuously,245,866,,,
927,your smartwatch flags an unusually low heart rate and you feel faint,465,432,,,
928,your social media account is hacked or posting content you did not create,44,711,,,
929,your social media account is suddenly locked or suspended and you cannot reach support quickly,928,322,,,
930,your steering suddenly feels much heavier and you have pulled over safely to assess it,106,954,,,
931,your steering wheel lock will not release and the car will not start,952,762,,,
932,your stools turn very pale while your urine becomes very dark,406,500,,,
933,your student loan automatic payment fails because your bank details are incorrect or outdated,626,653,,,
934,your sunroof is stuck open and rain is forecast,760,945,,,
935,your surviving parent is overwhelmed after a death and you need urgent support for them,515,203,,,
936,"your tap water suddenly turns brown, smells unusual, or looks unsafe to drink",685,748,,,
937,your tax refund is being taken to pay a debt you did not expect,728,519,,,
938,your temperature is unusually low while you are ill and you feel confused or disoriented,483,432,,,
939,your thermostat screen goes blank or shows an error and your heating or cooling won’t start,849,786,,,
940,"your train, subway, or tram stops unexpectedly and you are not getting information",132,379,,,
941,your travel booking was changed to a different departure time without your consent,609,842,,,
942,your travel companion loses their passport and you need to manage bookings and plans immediately,886,521,,,
943,your travel document is locked in a luggage storage locker that will not open,944,575,,,
944,your travel documents are locked in a room or bag you cannot access due to a dispute,943,145,,,
945,your trunk or hatch will not close and you need to travel with luggage,759,760,,,
946,your turn signals or indicators stop working before you set off,846,740,,,
947,your tyre is losing air slowly and you need to find help,136,420,,,
948,your urinary catheter has stopped draining and you feel bladder pressure building,390,488,,,
949,your user profile loads blank and your desktop files appear to be missing,166,837,,,
950,your vehicle alarm will not stop and you are worried about the battery or conflict,856,758,,,
951,your vehicle gets stuck in an automated car wash or automated parking system,374,761,,,
952,your vehicle security system or immobiliser prevents the engine from starting,931,762,,,
953,your vehicle starts but the accelerator pedal is unresponsive while you are in a safe place,106,757,,,
954,your vehicle starts vibrating strongly while you are driving,503,508,,,
955,your visa or entry permission start date is later than your arrival date,708,337,,,
956,your voicemail PIN or greeting has changed and you did not update it,463,751,,,
957,your washing machine is leaking and water is spreading across the floor,804,866,,,
958,your water meter is moving even though all taps and appliances are off,247,446,,,
959,your water softener or filtration unit is overflowing and there is water near electrical equipment,672,866,,,
960,your webcam light turns on unexpectedly,706,620,,,
961,your website suddenly shows a security or certificate warning and you did not change anything,962,805,,,
962,your website’s DNS records change unexpectedly and traffic is being diverted to the wrong place,805,961,,,
963,your wheelchair caster or wheel starts wobbling and you need to keep moving safely,965,964,,,
964,your wheelchair or mobility aid is damaged during transport and you still need to travel,752,963,,,
965,your wheelchair tyre goes flat or a wheel locks up while you are away from home,963,964,,,
966,your whole home loses power and you are unsure if it is a local outage,528,102,,,
967,your windows are fogging up and indoor dampness and mould are appearing,675,558,,,
968,your windshield or windscreen has cracked while you are driving,969,760,,,
969,your windshield washer jets stop spraying and you need to restore visibility to drive safely,968,846,,,
970,your work expense card is frozen or declined while you are travelling,290,722,,,
971,your work schedule changes to nights or weekends with little warning,362,712,,,
972,your workplace closes suddenly and you cannot get clear information about your final pay,818,838,,,
973,your workplace is not responding to sexual harassment and the behaviour is getting worse,178,336,,,
974,your workplace retirement contributions have not been paid into your plan,818,890,,,
